PRICE,AREA
39 L,920
27.28 L,535
92 L,1940
42 L,910
54.66 L,1163
42.35 L,901
75.92 L,1460
54.6 L,1050
37.94 L,1084
29.5 L,838
32.76 L,819
47 L,688
46.45 L,1162
38 L,933
5.91 Cr,4103
3.18 Cr,2199
69.31 L,1359
49.67 L,974
44.66 L,812
37.92 L,1185
24.9 L,778
35.07 L,1079
27.17 L,836
41.06 L,1173
20.58 L,510
26.78 L,558
25.09 L,965
16.8 L,646
10.53 L,390
29.4 L,717
49.68 L,1035
35.22 L,840
24.6 L,630
16 L,400
14.5 L,400
25 L,916
41.56 L,815
79.66 L,1306
58.62 L,962
34.1 L,943
50 L,1287
56.4 L,1128
43.75 L,875
65.34 L,1452
52.15 L,1159
45 L,1377
26.31 L,506
75 L,1208
60.51 L,976
28.21 L,806
20.23 L,578
74.15 L,1236
1.13 Cr,1791
1.75 Cr,1660
82 L,1263
36.5 L,977
2.72 Cr,1925
1.2 Cr,1300
70 L,1020
28.5 L,1023
35 L,792
50 L,1056
51.6 L,1214
50 L,920
3.25 Cr,2165
45 L,1045
20 L,712
35 L,600
50 L,1034
37 L,1085
31.5 L,780
26 L,892
32 L,550
36 L,1377
75 L,1295
38 L,1175
28 L,776
60 L,1256
1.75 Cr,1671
55 L,1429
98.67 L,1794
63.24 L,1054
53.9 L,1170
88.44 L,1039
45 L,1200
1.22 Cr,1328
75 L,1424
39 L,825
38 L,800
28 L,865
35.5 L,925
60 L,840
1.27 Cr,1184
42 L,910
69 L,1370
30 L,1018
32 L,712
60 L,1524
28 L,970
65 L,1500
33.5 L,957
2.81 Cr,2838
56 L,1188
55 L,1054
33 L,824
30 L,856
63 L,1210
78.5 L,2520
30 L,975
60 L,1562
70 L,1220
36.5 L,810
85 L,990
65 L,1270
75 L,1175
31 L,912
1.75 Cr,1421
30 L,820
38 L,750
43 L,1070
61 L,1175
36 L,950
36 L,883
60 L,1267
37 L,927
75 L,1230
40 L,904
77 L,1145
75 L,1379
80 L,1359
35 L,1000
36.84 L,1220
22 L,973
30.7 L,780
26 L,970
51 L,1148
68 L,1345
19 L,500
46 L,1045
42 L,950
22 L,715
40 L,1180
82 L,1521
35.5 L,768
60 L,1210
68 L,1319
36 L,861
30 L,916
44.9 L,1100
65 L,1268
75 L,1475
68 L,1475
55 L,880
1.02 Cr,2239
55 L,1285
1.1 Cr,1450
40 L,910
1.41 Cr,1305
81.76 L,1528
48 L,897
25 L,854
69.25 L,1539
46.3 L,929
40 L,824
90 L,1450
1 Cr,1350
38 L,800
85 L,1133
6.75 Cr,5069
82 L,1155
19.5 L,721
30.26 L,976
23.9 L,771
38 L,765
71.91 L,1435
56.87 L,1210
51.54 L,780
45.26 L,677
57.64 L,1166
36.89 L,848
53.7 L,1104
31.46 L,673
70.34 L,1360
52.24 L,1010
37.36 L,1045
32 L,860
42.61 L,1094
35.06 L,900
59 L,1202
63 L,1050
41 L,910
45 L,1250
1.41 Cr,1980
1.24 Cr,1740
58.5 L,925
3.63 Cr,3029
1.3 Cr,1244
1.11 Cr,923
35 L,1050
1.35 Cr,1400
3 Cr,2581
2.3 Cr,1815
1.36 Cr,1850
97.85 L,1240
1.74 Cr,2350
1.15 Cr,1550
70.83 L,1083
47 L,800
75 L,1185
58.01 L,954
75 L,1359
2.01 Cr,2760
45 L,1000
75 L,1445
40 L,1176
70.83 L,1083
52.32 L,800
75 L,1185
58.01 L,954
67.14 L,1307
58.95 L,1147
46.45 L,1162
37.15 L,1161
88.76 L,1268
65 L,1660
92 L,1940
48 L,1030
42 L,910
57.41 L,1629
35.95 L,1049
29.26 L,811
98.8 L,1978
68.88 L,1379
51.75 L,1036
1.99 Cr,1755
2.5 Cr,1588
70 L,1170
2.6 Cr,2210
1.2 Cr,1350
67 L,1108
58 L,1348
55 L,1151
1.5 Cr,2200
1.2 Cr,1680
2.1 Cr,3192
90 L,1300
13.85 L,554
1.23 Cr,1755
83.74 L,1163
63.29 L,879
40.46 L,1245
65.79 L,1123
80 L,1205
1.3 Cr,1116
34 L,933
75 L,1150
79 L,1355
1.3 Cr,1435
3.63 Cr,3029
1.3 Cr,1244
92 L,1940
48 L,1030
42 L,910
2.8 Cr,3555
1.83 Cr,2322
1.43 Cr,1728
40.5 L,800
34.17 L,1037
29 L,849
49.06 L,1242
36.14 L,915
75 L,939
40 L,1524
1.25 Cr,1108
1.45 Cr,1400
75 L,1000
75 L,1400
70 L,1080
62 L,1204
62 L,1084
32 L,1000
5.2 Cr,2550
38 L,850
38 L,862
34 L,1100
26 L,725
51 L,1650
69 L,1457
58 L,900
65 L,1468
64.5 L,1350
50 L,1450
32 L,866
3 Cr,2056
1.5 Cr,1835
1.25 Cr,1670
10.14 L,483
1.67 Cr,1882
3 Cr,2581
2.3 Cr,1815
67.5 L,1800
2.96 Cr,2506
1.85 Cr,1512
60 L,1130
45 L,880
92 L,1940
42 L,910
26 L,630
5.91 Cr,4103
3.2 Cr,2021
31.83 L,840
23.87 L,630
81 L,1435
38 L,576
32.37 L,925
27.5 L,845
20 L,600
31 L,850
1.41 Cr,1457
32.5 L,855
60 L,1130
45 L,880
75 L,1716
75 L,1050
92 L,1940
42 L,910
76.06 L,1528
48 L,897
31.83 L,840
23.87 L,630
16.1 L,425
24.08 L,669
76.38 L,1273
57.9 L,965
88.26 L,1535
73.37 L,1276
85 L,1405
90 L,1336
45 L,1220
23 L,680
3.63 Cr,3029
1.3 Cr,1244
92 L,1940
42 L,910
86 L,2200
24 L,810
40 L,855
9 L,467
68 L,1400
22.5 L,700
22.75 L,770
78 L,919
1.38 Cr,2071
28 L,445
43 L,1220
38 L,1400
45.5 L,1039
36 L,700
30 L,634
44.8 L,1025
29.25 L,650
56 L,722
44 L,904
42 L,910
47.38 L,1053
41.42 L,1090
31.92 L,840
31.83 L,840
23.87 L,630
16.1 L,425
2.81 Cr,2838
1.68 Cr,1880
34 L,855
26.11 L,816
42 L,833
29.9 L,846
55 L,1240
98.8 L,1978
68.88 L,1379
51.75 L,1036
92 L,1940
42 L,910
68 L,1250
1.02 Cr,996
52 L,1000
32 L,800
42 L,1000
35 L,825
30 L,825
28.3 L,950
54 L,995
82 L,2085
45.5 L,1039
39.2 L,910
22 L,556
33 L,910
48.55 L,1022
46.55 L,1230
29.45 L,820
48.15 L,1070
34.88 L,775
57.16 L,1345
34 L,800
13.32 L,444
32 L,774
95 L,1273
75 L,1053
1.23 Cr,1755
53.7 L,1104
31.46 L,673
37.94 L,1084
29.5 L,838
1.67 Cr,1882
1.2 Cr,1196
85 L,919
52.15 L,1159
1.6 Cr,2065
1.3 Cr,1597
45  - 49 L,880
51.6 L,1214
41.48 L,976
85 L,1063
57.46 L,884
45 L,1000
20.5 L,490
48 L,1010
76.06 L,1528
48 L,897
45.5 L,1039
22 L,556
42 L,910
26 L,630
1.3 Cr,1244
1.11 Cr,923
2.8 Cr,3555
1.83 Cr,2322
1.43 Cr,1728
2.46 Cr,2465
1.52 Cr,1510
1.4 Cr,1300
69.25 L,1539
46.3 L,929
40 L,824
40 L,850
60 L,1250
42 L,828
45 L,853
1.15 Cr,1198
5 Cr,4342
4 Cr,2396
1.2 Cr,1268
25 L,750
45 L,1179
48 L,1220
49 L,1010
40 L,860
92 L,1940
42 L,910
26 L,630
1.4 Cr,1435
42 L,1055
35 L,513
45 L,1025
25 L,850
75 L,1379
75 L,1682
67 L,1515
2.8 Cr,2231
85 L,1301
19 L,700
1.21 Cr,1535
89 L,1133
82 L,1226
65 L,957
17 L,880
40 L,880
24 L,690
30 L,660
48 L,840
52 L,1110
65 L,1323
58 L,1288
55 L,1120
72 L,1266
52 L,1290
92 L,1940
42 L,910
26 L,630
29 L,850
50.92 L,1050
75 L,970
13.25 L,565
82 L,2085
45.5 L,1039
1.42 Cr,2848
98.8 L,1978
68.88 L,1379
91.98 L,1940
41.99 L,910
1.25 Cr,1845
25.15 L,786
11.2 L,350
97 L,1486
64 L,770
23 L,712
37 L,1213
24 L,538
58 L,1370
81.76 L,1528
48 L,897
1 Cr,1616
61.07 L,985
1.16 Cr,1548
70.43 L,939
38 L,1021
27.93 L,798
40 L,1060
82 L,905
32 L,859
45 L,1166
38 L,840
32 L,975
25 L,805
41.5 L,933
41 L,750
46 L,1325
42 L,620
26.25 L,750
4 Cr,2867
2.46 Cr,2465
1.4 Cr,1300
35.65 L,1150
18.95 L,570
1.74 Cr,2350
1.15 Cr,1550
1.72 Cr,2130
1.31 Cr,1640
70.83 L,1083
52.32 L,800
3 Cr,2581
2.3 Cr,1815
55 L,995
27 L,750
14.2 L,400
76.06 L,1528
48 L,897
1.35 Cr,1950
76.06 L,1528
48 L,897
2.3 Cr,2499
1.6 Cr,1957
1.1 Cr,1824
84.64 L,1472
1.27 Cr,1184
2.45 Cr,1878
1.3 Cr,1244
53.38 L,1271
55.35 L,971
1.6 Cr,2065
1.3 Cr,1597
26.55 L,590
3.79 Cr,3479.97
3 Cr,2056
1.1 Cr,1090
33.02 L,1032
89 L,1230
65 L,1115
30 L,850
44 L,1125
1.2 Cr,1648
2.45 Cr,1800
63 L,1130
26 L,800
40 L,951
31 L,780
1.27 Cr,1500
48.01 L,865
77.72 L,1143
29 L,740
9.5 L,561
3 Cr,2326
46.8 L,836
39 L,850
65 L,900
27 L,800
32 L,824
34 L,1250
1.56 Cr,1980
1.4 Cr,1740
49 L,1047
38 L,881
13.7 L,466
23 L,848
21 L,1200
40 L,1010
43.5 L,870
1.41 Cr,1980
1.24 Cr,1740
3 Cr,2581
2.3 Cr,1815
1.74 Cr,2350
1.15 Cr,1550
1.25 Cr,1133
45 L,887
45 L,914
32 L,750
63 L,1360
96 L,1338
92 L,950
52 L,1156
2.1 Cr,2200
47.5 L,1636
56 L,906
1.45 Cr,1880
1.9 Cr,2000
47 L,957
85 L,993
38.64 L,920
56.8 L,1136
83 L,1008
35 L,720
1.05 Cr,1328
42 L,852
95 L,1366
24 L,450
49 L,1111
85 L,1130
25.5 L,905
42 L,1270
66 L,1800
18.9 L,756
38 L,1100
51.75 L,1036
14 L,510
35 L,1020
20 L,650
75 L,1406
26 L,500
37 L,865
88 L,900
64.63 L,1175
80 L,1422
56.45 L,1344
4.09 Cr,2839
3.53 Cr,2452
5.4 Cr,4775
72.5 L,1250
2.96 Cr,2274
42.8 L,1070
13 L,650
38 L,1200
42.6 L,1420
8.25 Cr,4500
59 L,1323
27.8 L,835
2.8 Cr,3555
1.43 Cr,2322
1.36 Cr,1728
1.29 Cr,1771
93.99 L,1188
89 L,985
1.1 Cr,1911
14.2 L,400
89 L,985
60.51 L,976
70 L,1588
61 L,1295
1.35 Cr,1970
2.8 Cr,1878
1.85 Cr,2923
88 L,1110
5.5 Cr,4060
16 L,460
91.73 L,2025
29.9 L,712
55.65 L,1325
30.5 L,742
90 L,1482
38 L,860
57 L,1036
73.56 L,1424
1.16 Cr,1258
83 L,1400
32.4 L,784
36 L,1036
76.8 L,1180
2 Cr,1570
1.85 Cr,1438
65 L,1329
40 L,891
75 L,1027
85 L,1358
38 L,832
95 L,1200
52.5 L,1081
1.3 Cr,1705
23.5 L,511
93 L,1495
71 L,1250
53 L,1150
37 L,900
42.5 L,831
37.14 L,1004
85 L,1085
55 L,1100
92 L,1940
42 L,910
82 L,2085
45.5 L,1039
39.2 L,910
11.5 L,402
35 L,1225
45 L,890
1.65 Cr,1832
1.23 Cr,1364
93.42 L,1038
52 L,930
2.46 Cr,2465
1.52 Cr,1510
1.4 Cr,1300
1.3 Cr,2210
1.18 Cr,1310
1.04 Cr,1150
1.1 Cr,1824
74 L,1287
54.91 L,955
90 L,1200
10.5 Cr,3927
79.5 L,2085
32.4 L,887
1.48 Cr,1925
45 L,941
1.1 Cr,2310
76 L,1035
62.5 L,1153
14.38 L,423
28.67 L,831
6 Cr,3528
3.6 Cr,2371
85 L,1150
1.1 Cr,1436
1.05 Cr,1261
59 L,1101
62 L,1236
2.05 Cr,2155
1.45 Cr,1784
45 L,785
2.4 Cr,2605
24.5 L,1040
1.35 Cr,2380
31 L,672
42 L,1018
39 L,1018
38.5 L,1100
87 L,1229
38.85 L,925
31 L,970
27.5 L,870
28 L,916
1.35 Cr,1563
4.25 Cr,3029
27.9 L,750
1.45 Cr,2211
1.35 Cr,1786
37.59 L,895
38.98 L,928
54 L,813
58 L,983
1.63 Cr,1527
57 L,922
32.11 L,892
67.14 L,1033
63.8 L,1276
33 L,722
40 L,1600
35 L,722
70 L,1036
55 L,1000
1.04 Cr,1350
2.05 Cr,1882
1.25 Cr,1476
39 L,980
1.35 Cr,1945
99 L,1495
46 L,1150
63 L,895
1.07 Cr,1875
1.1 Cr,1875
1.3 Cr,1091
1.1 Cr,1741
1.3 Cr,1107
90 L,1356
20.44 L,584
17.5 L,505
31.2 L,705
22 L,610
72 L,1162
44 L,1295
1.05 Cr,1495
35 L,887
65 L,1700
33.33 L,950
83 L,1464
44.75 L,1039
19 L,720
34 L,850
65.04 L,1084
54 L,1102
45.03 L,919
51.44 L,1286
32.16 L,804
31.84 L,796
45.27 L,1006
45 L,1000
34.03 L,830
34.15 L,833
62.16 L,1110
49.5 L,900
46.75 L,850
1.78 Cr,2460
4.5 Cr,3600
20.5 L,750
25 L,850
32 L,995
36 L,1000
1.55 Cr,1409
52.54 L,1108
47.84 L,920
45 L,947
32 L,802
1.45 Cr,1557
1.07 Cr,1080
45 L,1250
1.75 Cr,1600
95 L,1495
78 L,1155
1.47 Cr,2150
37.67 L,1108
62.6 L,963
47.58 L,865
58.44 L,1205
65.21 L,1175
65.46 L,1175
59.1 L,985
79.91 L,1310
72.16 L,1183
1 Cr,1616
35.43 L,1042
64.63 L,1175
58.45 L,1205
55.77 L,1150
45 L,941
70 L,1365
18 L,500
48 L,850
45 L,820
1 Cr,1730
61 L,1448
32 L,680
1.5 Cr,2133
1.2 Cr,1820
20 L,400
1.5 Cr,2133
21.5 L,400
97.5 L,1458
41 L,847
56 L,950
49 L,950
1 Cr,1350
3.3 Cr,1982
4.2 Cr,3200
4.5 Cr,3454
70 L,1008
17.5 L,550
26 L,740
37.64 L,918
28 L,735
78 L,1303
30 L,816
85 L,1560
15 L,500
30 L,752
31.5 L,725
24 L,760
42 L,900
1.1 Cr,1450
58 L,860
58 L,1375
58 L,1515
67 L,1530
1.2 Cr,1600
1.6 Cr,1800
2.8 Cr,2200
2.7 Cr,1891
2.45 Cr,1925
2.3 Cr,1950
44.35 L,792
85 L,1206
2.8 Cr,1954
1.55 Cr,1347
1.1 Cr,1150
1.9 Cr,2079
75 L,1250
75 L,1100
95 L,1328
95 L,1250
3.9 Cr,3490
1.35 Cr,1676
1.35 Cr,1602
84 L,1050
85 L,1328
75 L,979
47 L,866
3.11 Cr,1982
50 L,980
35 L,771
1.25 Cr,1760
80 L,1422
92 L,1480
85 L,1243
36.1 L,950
1.1 Cr,2230
2.72 Cr,2247
3.3 Cr,2730
2.67 Cr,2206
2.6 Cr,2151
17 L,570
27 L,1005
39.9 L,1050
33.94 L,893
48.7 L,1036
73.9 L,1349
85 L,1072
1.07 Cr,1340
30 L,767
85 L,1400
1.75 Cr,3000
65 L,1375
54 L,957
1.95 Cr,1985
2.5 Cr,1810
95 L,1504
75 L,1370
75 L,1450
87 L,1265
3.5 Cr,2348
14.46 L,556
2.6 Cr,2300
55 L,1080
51 L,1400
1.8 Cr,1654
98 L,1351
30.75 L,992
28.14 L,908
16.39 L,529
27.34 L,882
86 L,1272
85 L,1337
53 L,1140
67 L,1445
28.14 L,908
35.88 L,1158
43 L,1007
2.6 Cr,2527
2.35 Cr,2300
3 Cr,2021
75 L,1250
90 L,1285
19 L,360
55 L,1224
95 L,1285
62 L,1385
38.5 L,980
92 L,1445
93 L,1495
90 L,1445
75 L,1346
80 L,1192
31 L,780
42 L,1005
1.45 Cr,1718
1.35 Cr,1074
72 L,1343
28 L,840
75 L,1200
70 L,1250
29.5 L,1000
65.5 L,1100
75 L,1360
15 L,400
1.75 Cr,2300
37 L,783
37.1 L,783
23 L,486
1.95 Cr,2396
65 L,1250
90 L,1449
58 L,1250
67 L,1450
1.05 Cr,1659
85 L,1265
80 L,1265
1.35 Cr,1535
85 L,1317
90 L,1345
50.05 L,770
48 L,1302
49 L,1075
38 L,938
57 L,877
44 L,843
45.5 L,817
35 L,1200
38.1 L,762
42 L,971
38 L,1034
36 L,917
38 L,837
39.5 L,820
65 L,1265
54 L,1175
74.83 L,1054
90.45 L,1274
80 L,1668
80 L,1668
40 L,900
36 L,750
40 L,850
43.2 L,900
36 L,750
80 L,1668
40.8 L,850
40 L,850
40 L,850
80 L,1668
40 L,850
43 L,900
80 L,1668
80 L,1290
26 L,663
65 L,930
34 L,840
47.5 L,1293
32.4 L,1120
70 L,1270
45 L,1288
34.2 L,900
26.25 L,750
32.3 L,850
62 L,1208
30.13 L,793
25.56 L,710
25.92 L,810
38.4 L,1200
33 L,1100
28 L,950
26 L,850
28 L,920
84 L,1530
46 L,1154
22.54 L,644
38.22 L,1092
45 L,1200
34.56 L,1080
19.98 L,740
19.44 L,720
48 L,1080
35 L,1100
19 L,450
52 L,1400
1.1 Cr,1032
2.15 Cr,1764
4 Cr,2693
1.75 Cr,1583
57 L,1022
1.65 Cr,1920
1.45 Cr,1457
2 Cr,1800
2.25 Cr,2367
3 Cr,2897
1.2 Cr,1198
3.7 Cr,2385
4.75 Cr,2822
5.25 Cr,2822
39.7 L,892
37.26 L,887
23.3 L,863
31.97 L,1184
21.78 L,565
36.08 L,925
38.55 L,918
54.9 L,1220
51.08 L,1135
41.58 L,990
26 L,741
27 L,886
28.68 L,735
33 L,847
28.44 L,790
22 L,720
36 L,800
31 L,1000
25.78 L,845
24.5 L,650
30.63 L,828
48.26 L,1150
65.79 L,1462
65.34 L,1452
1.5 Cr,1672
1.06 Cr,1429
63 L,1064
38 L,813
71.86 L,1409
39.2 L,871
50.75 L,995
23.27 L,727
40 L,975
70 L,1284
72.08 L,1360
43 L,800
1.17 Cr,2200
58.3 L,1100
55.12 L,1040
35.76 L,894
15 L,516
39.38 L,875
65.79 L,1462
32.11 L,845
30.21 L,795
29.45 L,796
29 L,871
1.05 Cr,1842
30 L,924
32 L,725
64 L,935
45.45 L,1010
56 L,1080
1.77 Cr,2355
1.3 Cr,1728
1.77 Cr,1712
1.2 Cr,1738
65 L,1343
77 L,1080
96 L,1510
78 L,1090
99 L,1510
75 L,1090
4 Cr,2396
51 L,907
64 L,1128
1.05 Cr,1152
1.5 Cr,1622
1.6 Cr,1585
1.3 Cr,1357
80 L,900
43.5 L,948
31.5 L,788
53.05 L,1263
21.76 L,888
25.48 L,980
85.5 L,1083
15 L,600
70 L,1040
85 L,2000
95 L,1295
32 L,700
70 L,1220
55 L,1463
35 L,839
55 L,1129
35 L,874
65 L,1264
39 L,1071
42 L,1043
25.92 L,810
18.4 L,575
24.61 L,769
14.3 L,447
26.11 L,816
25.92 L,810
24.61 L,769
18.4 L,575
55 L,1242
28 L,773
28.48 L,712
39.55 L,1121
42.2 L,1200
25.7 L,2581176
21.8 L,700
34.95 L,1165
27.72 L,840
20.97 L,699
39.02 L,1105
28 L,771
1.05 Cr,1680
2.25 Cr,2150
1.18 Cr,1263
35 L,1000
30 L,730
44 L,960
31.5 L,750
32 L,700
26 L,730
21 L,670
40 L,1100
30 L,750
41.5 L,900
38 L,800
59.5 L,1330
39 L,868
62 L,1130
50 L,980
77 L,1187
70 L,1200
98 L,1000
1.32 Cr,1947
63 L,1180
62 L,1080
1.1 Cr,1290
63 L,1280
44 L,795
1.1 Cr,2450
65 L,1128
67 L,1128
64.5 L,1128
22.8 L,800
23 L,769
27 L,809
32.14 L,1128
2.1 Cr,1843
70 L,1250
65 L,1250
1.3 Cr,1555
76 L,945
2.2 Cr,1930
95 L,1555
1.2 Cr,1255
85 L,1600
44 L,1069
43 L,931
1.35 Cr,1998
27.97 L,849
43.49 L,1094
55 L,1370
51.75 L,1036
68.88 L,1379
75.74 L,1424
75.89 L,1379
57 L,1036
78.23 L,1424
58.82 L,1036
2.2 Cr,2600
27.5 L,919
35.35 L,1220
24 L,791
18.45 L,613
18.7 L,614
18.5 L,615
18.5 L,614
27 L,919
27.5 L,924
28.5 L,919
32.5 L,1171
80 L,1060
79.7 L,1132
79.36 L,1132
1.64 Cr,1838
35 L,925
54 L,813
80 L,1311
1.16 Cr,1390
1.18 Cr,1535
83 L,930
48 L,880
76 L,1380
60 L,1234
55 L,1140
50 L,954
43 L,925
75 L,1266
83 L,1358
63 L,1058
56 L,952
47 L,837
69 L,1250
78 L,1460
65 L,1130
52 L,960
1.67 Cr,1970
1.24 Cr,1435
1.14 Cr,1325
60 L,1300
67 L,1400
1.01 Cr,996
1.42 Cr,1457
1.42 Cr,1476
1.01 Cr,996
1.02 Cr,996
1.42 Cr,1476
1.42 Cr,1476
1.34 Cr,1476
1.36 Cr,1476
1.35 Cr,1476
1.41 Cr,1476
4.25 Cr,3029
53 L,843
53.5 L,843
52 L,813
53 L,765
52 L,765
53 L,700
54 L,906
66 L,983
65 L,983
67 L,1400
52 L,1094
59 L,1136
52 L,1100
65 L,1173
61 L,1300
2.6 Cr,2560
2.6 Cr,2525
48 L,1365
58.5 L,1300
52 L,1150
50.1 L,1101
54.19 L,1191
42.63 L,937
39.68 L,872
76.5 L,1700
52 L,1150
24.02 L,858
65.93 L,1465
38 L,850
1.08 Cr,1833
65 L,1200
70.1 L,1130
65 L,1045
1.1 Cr,1833
35 L,950
49.5 L,1205
63 L,1227
65 L,1200
71.5 L,1402
82 L,1486
55 L,880
36 L,973
53 L,1137
73 L,1230
16 L,460
26 L,800
65.6 L,1600
33.83 L,825
43.05 L,1050
33.54 L,818
51 L,1140
90.72 L,2016
37 L,1106
31.65 L,772
39 L,951
58.21 L,1386
48 L,1100
41 L,850
24 L,570
20 L,500
2.2 Cr,2800
76 L,1285
85 L,1195
55 L,770
90 L,1319
40.57 L,1357
46.5 L,1080
33 L,963
32.21 L,947
1.45 Cr,2182
85 L,1485
70 L,1251
68 L,1249
9 L,411
70 L,1250
83 L,1482
95 L,1489
1.1 Cr,1649
1.1 Cr,1650
1.75 Cr,1950
1.45 Cr,1950
1.5 Cr,1415
78 L,1460
90 L,1480
95 L,1484
95 L,1485
78 L,1090
99 L,1832
91 L,1260
85 L,920
1.55 Cr,1409
1.32 Cr,1357
35.61 L,1052
1.51 Cr,1623
72 L,1530
85 L,865
7.5 Cr,5915
46 L,1018
72 L,1200
47.2 L,844
32 L,560
64 L,1268
27.93 L,900
91 L,1118
1.59 Cr,1381
68.94 L,1049
84.3 L,1305
45 L,994
32 L,750
72 L,1256
75.36 L,1256
75.36 L,1256
78.36 L,1306
85.76 L,1072
1.07 Cr,1334
86 L,1075
1.17 Cr,1458
24.16 L,819
35.65 L,1150
17.36 L,560
25 L,828
27.86 L,796
39.07 L,1221
70 L,1250
80 L,1060
1.05 Cr,1575
85 L,1100
34 L,1050
31 L,370
90 L,1388
1.08 Cr,1794
65 L,1054
72 L,1470
3.15 Cr,3161
55.25 L,1015
70 L,1296
1.17 Cr,1506
26.5 L,459
55 L,970
21 L,569
68 L,1350
36 L,829
30 L,738
1.02 Cr,1500
18 L,440
73 L,1475
66.5 L,1450
64.5 L,1455
49 L,948
49 L,949
40 L,846
71 L,1249
61 L,1450
58 L,1251
40 L,845
58 L,1248
97.5 L,1457
56 L,949
61 L,1448
90 L,1450
80 L,1250
75 L,1250
58 L,1250
61 L,1450
83.5 L,1458
1.3 Cr,1450
1.3 Cr,1450
1.32 Cr,1400
82 L,950
1.3 Cr,2032
1.16 Cr,1719
2.34 Cr,1925
2.25 Cr,1925
75 L,1050
2 Cr,1795
2 Cr,1801
82 L,1317
2.2 Cr,1925
2.1 Cr,1925
1.26 Cr,1400
80 L,1317
85 L,1187
2.1 Cr,1822
65 L,937
2.15 Cr,1925
70 L,937
1.34 Cr,1737
1.25 Cr,1400
1.27 Cr,1400
73 L,1050
60 L,920
82 L,1000
82 L,1220
80 L,950
80 L,1220
62 L,920
1.07 Cr,1435
1.04 Cr,1435
86 L,1187
1 Cr,1435
1.12 Cr,1100
1.3 Cr,1737
1.28 Cr,1737
1.32 Cr,1737
1.14 Cr,1150
1.28 Cr,1450
84 L,1200
1.1 Cr,1100
1.15 Cr,1150
1 Cr,1557
1.7 Cr,2000
1.34 Cr,1450
1.35 Cr,1450
78 L,950
85 L,1187
1.55 Cr,2032
95 L,1475
1.75 Cr,1800
1.15 Cr,1719
1.8 Cr,2100
48 L,1100
39.5 L,941
28.51 L,792
38.84 L,1079
28 L,1000
35 L,900
76 L,1377
40 L,925
36.5 L,1101
36 L,1100
62 L,1323
31 L,774
31 L,724
40.14 L,1115
34.27 L,939
32.15 L,893
32.5 L,904
65 L,980
65 L,1250
22.78 L,670
28.72 L,718
38.5 L,1090
30.8 L,880
37 L,1013
21.45 L,715
33 L,1100
21 L,700
39 L,1300
37.5 L,922
56.5 L,1300
24.15 L,805
27.5 L,781
26.51 L,747
68 L,985
32 L,1008
52 L,832
75 L,1100
80 L,1250
57 L,800
85 L,1350
48 L,990
2.58 Cr,1904
2.31 Cr,1958
1.9 Cr,1646
2.25 Cr,1891
50 L,940
60 L,1268
26.25 L,875
72 L,1040
85 L,1350
1.35 Cr,1583
1.3 Cr,2200
31 L,860
6.5 L,400
1.27 Cr,1208
41 L,850
1.9 Cr,1572
1.05 Cr,1465
30 L,999
1.6 Cr,1750
45 L,1150
33.75 L,1125
24.48 L,816
17.5 L,656
11 L,451
20.03 L,742
21.01 L,821
23 L,867
40.36 L,961
29.91 L,777
31.36 L,871
32.5 L,1300
30.27 L,1081
40.36 L,961
27.54 L,804
37.12 L,1031
1.1 Cr,1268
24.48 L,816
33.72 L,1124
19.37 L,718
30.49 L,1130
23 L,867
15 L,640
30 L,730
55 L,980
55 L,850
75 L,1047
2.75 Cr,1954
1.6 Cr,1421
2 Cr,1712
1.1 Cr,1378
1.15 Cr,1710
2.55 Cr,1975
3.1 Cr,2578
2.65 Cr,2022
1.95 Cr,1512
3.45 Cr,3184
1.98 Cr,1888
1.01 Cr,1707
2.99 Cr,2637
2.46 Cr,1841
4.6 Cr,3945
1.85 Cr,1512
14.5 Cr,5600
2.95 Cr,2623
4.25 Cr,3029
6.1 Cr,4556
85 L,1080
70 L,947
45 L,1550
3.5 Cr,2718
3.5 Cr,2300
88 L,2500
76.5 L,1295
96 L,1490
1.48 Cr,1930
65 L,770
6.88 Cr,3274
3.5 Cr,3470
2.9 Cr,2500
80 L,1295
80 L,1294
1.5 Cr,1335
45 L,941
45 L,976
45 L,972
45.5 L,976
68 L,1295
75 L,1285
68 L,12956
70 L,1284
3.95 Cr,2395
3.68 Cr,3500
1.85 Cr,1750
1.6 Cr,1310
2.25 Cr,1882
1.75 Cr,1925
4.75 Cr,3600
2.98 Cr,2702
4.35 Cr,3000
2.7 Cr,3500
80 L,1444
48 L,840
74.5 L,1496
1.45 Cr,2150
35 L,1226
39 L,1100
22.5 L,639
46 L,1072
23.5 L,935
30 L,825
25 L,826
30.5 L,1173
58 L,1101
52 L,1040
28.13 L,970
65 L,1359
65 L,985
78 L,1231
63.5 L,1007
52 L,1286
42.5 L,1359
43.5 L,1076
41 L,1245
40.27 L,1239
25.16 L,740
38.54 L,1304
25.67 L,870
1.8 Cr,1421
57 L,840
42 L,850
2.65 Cr,3443
2.9 Cr,1982
1 Cr,1328
95 L,1328
1.06 Cr,1328
1.65 Cr,2404
1.79 Cr,2404
90 L,1200
1.02 Cr,1620
45 L,1051
46 L,1050
94 L,1264
1.75 Cr,2100
52.3 L,1275
1.3 Cr,1739
92 L,1267
98 L,1264
1.4 Cr,1720
1.02 Cr,1266
62 L,1070
52 L,823
57 L,995
45 L,1120
6.1 Cr,11000
82 L,1221
72 L,1283
25.5 L,700
34 L,911
37 L,921
36.72 L,918
37.2 L,930
96 L,1522
1.3 Cr,2113
30 L,650
70 L,1487
48 L,980
27 L,450
46 L,722
45 L,722
69 L,904
60 L,900
45 L,722
50 L,958
46 L,1000
50 L,1045
50 L,850
50 L,850
55 L,950
50 L,900
65 L,1100
65 L,1410
19.5 L,345
55 L,722
69 L,904
68 L,1275
50 L,901
53 L,900
71 L,1305
70 L,904
55 L,910
65 L,1210
70 L,1300
68 L,1250
1.25 Cr,2113
55.8 L,1330
72 L,1257
58 L,1203
60 L,1217
65 L,1252
88 L,1637
72 L,1427
24 L,727
34 L,985
50 L,1057
41 L,970
36 L,1057
36 L,857
45 L,1070
33 L,790
35 L,877
24.5 L,737
28 L,805
34 L,767
1 Cr,1170
65 L,1277
48 L,1150
3.56 Cr,2838
1.15 Cr,1580
2.91 Cr,2920
46.5 L,1125
38 L,946
58 L,1020
58 L,1021
53 L,920
49 L,836
52 L,891
89 L,2331
78 L,1461
54 L,1150
80 L,1500
55 L,1080
50 L,1050
50 L,1050
75 L,1485
75 L,1487
75 L,1487
65 L,1250
65 L,1250
65 L,1251
70 L,1170
50 L,916
12.5 L,601.5
58 L,1234
1.75 Cr,1500
51 L,1050
71 L,1257
64 L,1150
73 L,1240
66 L,1100
25 L,800
2.5 Cr,2600
21.5 L,650
90 L,1585
65 L,1241
13.75 L,600
32 L,820
47 L,980
88 L,1413
70 L,1257
87 L,1450
92 L,1445
40.5 L,675
39 L,650
33.6 L,560
1.2 Cr,1196
70.68 L,1140
49.5 L,895
55.5 L,898
76 L,1250
49.5 L,900
55.5 L,900
26.1 L,765
25.9 L,764
26 L,764
25.95 L,764
45 L,1064
29 L,679
28.5 L,900
47 L,1217
42 L,870
62 L,1007
41 L,1080
28 L,754
28 L,607
30 L,760
28 L,764
13.5 L,450
1.12 Cr,1426
60 L,1007
20 L,750
11.5 L,520
43.5 L,900
2.1 Cr,2187
2.38 Cr,1958
2.5 Cr,2109
29.5 L,780
28.5 L,780
23 L,675
21.5 L,625
16.5 L,550
21.5 L,725
25 L,753
45 L,977
3.95 Cr,3029
23.5 L,791
36 L,850
48 L,1000
23.5 L,700
26 L,770
40 L,1150
34 L,1100
25 L,790
32 L,890
30 L,840
42 L,1002
53 L,970
63 L,1240
43 L,898
28 L,615
12 L,500
48 L,1000
64 L,1249
42 L,800
83 L,1265
21.5 L,540
35.07 L,811
19.5 L,613
42.36 L,1059
33.23 L,852
24 L,575
17.95 L,513
35.51 L,789
75 L,1387
53 L,813
96.33 L,1383
69 L,976
1.28 Cr,1867
42 L,880
60 L,1001
2.65 Cr,1969
27 L,771
14.06 L,502
10.92 L,390
36.52 L,987
60.58 L,1165
29.97 L,1110
26.98 L,650
19.17 L,710
47.74 L,1308
36.5 L,1000
31.39 L,860
37.5 L,1015
40.45 L,1157
28.12 L,792
43.9 L,1255
28.17 L,805
34 L,1034
31.3 L,881
21.75 L,945
25.1 L,1091
21.5 L,894
29.55 L,1055
24.2 L,750
29.4 L,840
19.51 L,750
17.36 L,560
30.69 L,990
35.65 L,1150
30.89 L,1065
22.5 L,776
19.72 L,680
25.55 L,881
65 L,1500
37.56 L,925
23.45 L,670
1.45 Cr,1947
1.5 Cr,1987
1.06 Cr,1635
1.7 Cr,2200
22.5 L,875
15.9 L,706
37.4 L,1245
20.8 L,799
19.3 L,703
46.1 L,1024
70 L,1250
31.5 L,885
43 L,1188
1.21 Cr,1399
1.28 Cr,1555
75 L,1240
86 L,150
65 L,1100
35.59 L,1114
35 L,1002
2 Cr,2187
38.43 L,915
72 L,1580
60 L,1319
45 L,990
53 L,1150
14 L,465
47.5 L,830
63 L,1058
34 L,750
37 L,1100
66 L,1076
2.1 Cr,1972.11
1.47 Cr,1450
15.78 L,451
39 L,1050
75 L,1130
2.65 Cr,3620
1.7 Cr,2404
35.67 L,1019
25.9 L,740
20.44 L,584
75 L,1180
41 L,840
47 L,1228
30.57 L,899
23 L,778
31.1 L,890
27.72 L,840
31.23 L,1041
22.26 L,642
14.84 L,424
78 L,1370
20.58 L,588
34 L,1039
68.5 L,1280
24 L,800
52 L,860
85 L,1230
36.9 L,1002
75 L,1235
49 L,981
39 L,771
62 L,1357
46 L,835
34.92 L,776
37.4 L,842
40.78 L,906
35.37 L,786
40 L,1190
25 L,856
25.34 L,685
28 L,860
71.13 L,1424
68.88 L,1379
90 L,1496
1 Cr,1665
26.1 L,870
31.5 L,1050
31.56 L,1052
16.55 L,662
16.5 L,660
15.35 L,614
15.5 L,620
21.44 L,875
1.32 Cr,1457
28 L,800
39.15 L,870
27.23 L,825
19.8 L,600
79.5 L,1590
40.89 L,951
6 Cr,4456
70 L,1250
85 L,980
65 L,1050
84 L,1450
68.25 L,1050
76.5 L,900
28 L,800
25 L,900
1.18 Cr,1150
1.28 Cr,1409
27.95 L,607
28 L,670
43 L,978
34 L,890
2.15 Cr,2050
27 L,710
34 L,880
42 L,975
26 L,740
31.5 L,730
36 L,825
33 L,770
57 L,1300
26 L,870
1.18 Cr,1390
17 L,720
44.5 L,850
66 L,1450
1.2 Cr,1850
85 L,1260
75 L,1530
25.15 L,679
27 L,754
1.15 Cr,1560
54.2 L,1462
39.5 L,1064
55 L,1000
1.05 Cr,1500
26.05 L,750
26.1 L,750
89 L,1585
17.5 L,450
29 L,870
28.9 L,820
32 L,890
57 L,1155
36 L,840
23 L,770
45 L,1000
26 L,850
68 L,1350
60 L,1700
28.5 L,875
37.4 L,1150
30 L,920
25.3 L,770
35 L,750
68 L,918
32 L,680
51 L,900
62 L,1270
43 L,1000
26.5 L,750
72 L,1175
2.25 Cr,1925
55 L,1150
1.12 Cr,1607
3.9 Cr,2809
25.5 L,875
1.32 Cr,1396
62 L,1200
87 L,1230
28.29 L,832
27.9 L,820
1.05 Cr,1650
1.55 Cr,1650
70 L,1217
76 L,1240
28.56 L,840
55 L,1150
58 L,1244
19 L,500
24.7 L,650
33.71 L,887
31.04 L,776
27.4 L,527
40.82 L,785
51.06 L,982
61.46 L,1182
57.82 L,1112
27 L,1090
34.19 L,977
38.45 L,1068
88.14 L,1356
37 L,824
41.08 L,913
23.1 L,711
70 L,1033
22.18 L,792
20.1 L,718
31.64 L,1130
35 L,955
30.82 L,857
1.65 Cr,2600
30.24 L,844
23.9 L,473
32.37 L,899
32.9 L,731
32.12 L,892
64.5 L,1281
1.1 Cr,1505
67.75 L,1462
39.75 L,870
46 L,1005
95 L,1464
72 L,1257
90 L,934
1.45 Cr,2010
1.1 Cr,1760
60 L,1335
78 L,1150
95 L,1285
45 L,980
44 L,1005
58 L,1385
51 L,1175
51 L,1180
93 L,2450
42 L,900
33 L,880
35 L,845
85 L,1265
90 L,1243
84 L,1205
78 L,1230
41 L,1000
67 L,1080
1.3 Cr,1555
1.55 Cr,2215
1.45 Cr,1450
1.85 Cr,1662
1.7 Cr,1421
2.7 Cr,1657
2.3 Cr,2520
2.2 Cr,3434
1.85 Cr,2215
75 L,1330
1.25 Cr,1529
2.2 Cr,1712
1.45 Cr,2204
1.05 Cr,1764
3.1 Cr,3866
2.55 Cr,3451
1.85 Cr,2210
1.35 Cr,1733
1.12 Cr,1956
2.3 Cr,3680
3.1 Cr,4738
1.5 Cr,2095
3.55 Cr,2385
1.25 Cr,1617
1.15 Cr,1835
38 L,950
34.88 L,775
46 L,1275
1.1 Cr,1091
1.15 Cr,1710
72 L,920
58 L,1392
2.58 Cr,1589
2.5 Cr,1022
40 L,1046
98 L,1835
22 L,650
38.5 L,1001
46 L,1194
1.5 Cr,1580
32 L,750
36 L,967
80 L,1674
95 L,904
85 L,1265
21.5 L,450
40 L,913
1.27 Cr,1770
1.35 Cr,1670
46.4 L,1079
97 L,1244
4.25 Cr,3029
1.65 Cr,2035
30 L,950
40 L,900
30.04 L,812
1.7 Cr,1421
1.35 Cr,1421
1.4 Cr,1421
4 Cr,2731
1.4 Cr,2211
18.5 L,485
33 L,1101
72 L,1352
51.11 L,1345
60 L,1000
72 L,1350
55 L,1180
25 L,750
72 L,1349
58 L,900
56.82 L,1386
51.75 L,1035
54.28 L,1357
1.11 Cr,1700
1.32 Cr,1459
35 L,905
35.1 L,780
41.17 L,915
71.3 L,1426
71 L,1420
42.17 L,1004
31.5 L,750
68.32 L,1220
54.43 L,972
22.78 L,651
49.59 L,1305
34.77 L,915
32.34 L,851
28.05 L,935
26.55 L,885
37.67 L,897
60 L,1184
63 L,1221
30 L,995
58 L,970
80 L,1215
2.1 Cr,1503
56.16 L,1080
31 L,750
29 L,995
41 L,831
40 L,1000
48 L,1350
65 L,1350
47 L,1100
43 L,897
46 L,850
65 L,1175
26 L,810
21 L,750
46 L,940
37 L,960
4.2 Cr,3000
27 L,875
1.45 Cr,1550
65 L,1150
30 L,740
21.5 L,720
20.75 L,700
33.25 L,950
60 L,860
1.25 Cr,1385
80 L,1100
40.5 L,1000
23 L,850
20 L,870
37 L,940
28.6 L,715
51 L,800
75 L,1352
42 L,930
68 L,1100
29 L,983
62 L,1250
1.15 Cr,2500
61 L,1250
46 L,1040
2.17 Cr,1973
1.15 Cr,1275
47 L,980
43.5 L,897
1.36 Cr,1460
1.11 Cr,1705
15 L,650
23.5 L,741
28 L,1050
26 L,1100
80 L,1300
1 Cr,1550
44 L,897
36 L,1050
22.5 L,710
32 L,900
1.82 Cr,2100
28 L,774
51 L,1092
70 L,1086
27 L,774
32.4 L,900
29.16 L,833
20.03 L,742
21 L,821
68 L,1365
50.32 L,1108
47.18 L,1064
39.9 L,1004
69.1 L,1175
1.06 Cr,2000
72 L,1365
68.36 L,1424
48 L,955
1.8 Cr,3348
17 L,450
53 L,906
24.57 L,702
25.4 L,626
31.18 L,1075
89 L,1374
1 Cr,1475
4.75 Cr,2822
1.65 Cr,2400
4.11 Cr,3415
67.43 L,1226
60 L,1076
25.65 L,674
26.5 L,670
25 L,860
1.4 Cr,1670
68 L,1350
75 L,1350
75 L,1350
68 L,1350
80 L,1600
80 L,1600
86 L,1600
60 L,1250
78 L,1385
47 L,800
65 L,1300
90 L,1500
2.45 Cr,2234
1.4 Cr,1116
28.87 L,849
35.43 L,1042
30.94 L,910
80.4 L,1318
47.58 L,865
50.92 L,1050
58.44 L,1205
55.78 L,1150
50.4 L,840
1.7 Cr,1450
1.8 Cr,1650
66 L,1515
1.5 Cr,1540
50 L,860
34.37 L,1120
1.5 Cr,1526
1.17 Cr,1250
2.35 Cr,2100
2.25 Cr,1824
1.3 Cr,1350
1.04 Cr,1500
5.7 Cr,3450
2.8 Cr,1861
90 L,1000
1 Cr,1500
5.5 Cr,3000
1 Cr,1518
31.98 L,848
95 L,1450
95 L,1376
75 L,1000
80 L,850
30 L,680
30.24 L,955
60.08 L,985
72.89 L,1195
75.99 L,1169
64.63 L,1175
55.29 L,1140
49.45 L,1075
27.32 L,719
3.98 Cr,2800
55 L,854
1.5 Cr,1772
1.5 Cr,1526
1.55 Cr,1350
2.5 Cr,2525
2.5 Cr,1658
2.2 Cr,1953
95 L,1050
1.3 Cr,2380
2.5 Cr,3085
1.1 Cr,1240
1.2 Cr,1150
43.8 L,1008
95 L,1100
1.4 Cr,1176
1.25 Cr,1100
2.5 Cr,1861
2.1 Cr,1500
2.7 Cr,2550
2.1 Cr,2320
3.05 Cr,2678
1.4 Cr,1400
2.5 Cr,1500
1.6 Cr,1700
80 L,900
34.36 L,1120
24.72 L,715
3 Cr,2800
97.5 L,1500
2.9 Cr,2700
1.4 Cr,1400
82 L,1293
88.2 L,980
1.2 Cr,1300
1 Cr,968
53 L,1065
56.5 L,1165
66.91 L,984
92.89 L,1366
80 L,1000
49.63 L,1079
43.7 L,950
68 L,1240
47.58 L,865
80 L,1539
86 L,1175
6 Cr,3300
4.6 Cr,2354
22 L,450
31 L,650
32.5 L,650
56 L,910
55 L,905
52 L,909
55 L,910
17 L,480
1.35 Cr,1955
1.05 Cr,1697
1.15 Cr,1528
75 L,940
95 L,1200
80 L,950
1.2 Cr,1600
35 L,650
1.15 Cr,1606
82 L,1950
1.4 Cr,1875
65 L,1020
1.35 Cr,1523
1.7 Cr,1940
75 L,1400
24 L,850
50 L,1267
45 L,945
46.8 L,1170
65 L,1400
33.6 L,800
21.08 L,502
61.32 L,989
61.32 L,989
77.72 L,1143
66.91 L,984
33.54 L,818
45.32 L,1079
84.67 L,2016
29.41 L,774
36.67 L,873
56.99 L,1357
32.19 L,870
52.18 L,1338
20.74 L,576
24.05 L,668
56.99 L,1357
29.07 L,765
1.05 Cr,1535
70.28 L,1026
44.14 L,1051
40.53 L,965
94.8 L,1384
67.2 L,981
1.05 Cr,1535
70.28 L,1026
94.8 L,1384
67.2 L,981
26.07 L,802
32.53 L,1001
16.41 L,505
38.43 L,854
34.45 L,1060
28.35 L,810
45.32 L,1079
25.2 L,800
24 L,750
86.3 L,1726
43.93 L,1156
28.08 L,780
35.51 L,789
47.38 L,1053
44.14 L,1051
40.53 L,965
46.81 L,851
74.07 L,1277
65.7 L,1095
81.48 L,1358
33.56 L,987
33.01 L,971
29.17 L,858
26.21 L,771
36.04 L,1060
39.35 L,1009
31.28 L,802
39.51 L,1162
28.19 L,829
39.89 L,1078
31.64 L,855
81.48 L,1358
34.51 L,767
27.94 L,776
24.08 L,669
27.94 L,776
24.08 L,669
86.3 L,1726
28.29 L,884
29 L,1002
63.8 L,1276
38.43 L,854
47.38 L,1053
32.14 L,824
38.04 L,951
58.99 L,1229
79.89 L,1354
63.8 L,1276
33.75 L,750
57.2 L,1100
49.4 L,950
51.75 L,1150
39.15 L,870
69 L,1380
45.75 L,915
2.2 Cr,1686
3.9 Cr,2867
2.1 Cr,1668
1.3 Cr,1200
40 L,900
75 L,1300
4 Cr,3495
1.3 Cr,1555
2.35 Cr,3291
6.3 Cr,3600
67 L,1560
30 L,795
2.35 Cr,1900
1.05 Cr,1355
1.3 Cr,1607
2.41 Cr,1677
1.17 Cr,1768
2.3 Cr,2150
1.5 Cr,1950
5 Cr,3350
4.75 Cr,2822
4.45 Cr,2822
1.28 Cr,1555
1.2 Cr,1955
6.2 Cr,3762
15 Cr,7014
1.37 Cr,1476
1 Cr,940
1.65 Cr,2180
1.05 Cr,1163
5.6 Cr,3300
1.45 Cr,1509
3.25 Cr,2000
1.8 Cr,3596
6.15 Cr,3615
1.55 Cr,2204
4 Cr,3550
1.1 Cr,1383
20 L,800
24.75 L,849
34 L,1145
25 L,900
32.5 L,1008
25 L,850
19.68 L,796
20 L,800
20 L,800
25 L,800
26 L,1000
13.75 L,546
21 L,823
16.7 L,665
32.2 L,1018
33.9 L,1155
16.5 L,678
90 L,1340
32.5 L,680
45 L,800
95 L,1339
1.05 Cr,1517
56.23 L,907
67.5 L,1167
51 L,980
72 L,1255
14.8 L,400
24 L,750
1.35 Cr,1641
28 L,830
32.5 L,1250
14.82 L,570
18.2 L,700
20.77 L,799
23.68 L,640
10.48 L,466
38.53 L,988
26.35 L,722
18.17 L,790
41.14 L,1127
34.4 L,860
20.92 L,523
13.34 L,667
17.56 L,836
32.52 L,813
41.6 L,1040
15.98 L,695
23.76 L,990
44 L,1100
42 L,750
33.2 L,830
85 L,1250
76 L,1250
70 L,1150
84.32 L,1360
1.1 Cr,1660
49 L,1100
45 L,1100
23 L,852
24 L,860
20.5 L,680
52 L,900
49.5 L,900
71.94 L,1308
19.78 L,824
19.66 L,819
77 L,1480
72.32 L,1315
60.72 L,1104
50 L,1000
53 L,938
66.72 L,1104
58 L,900
57 L,1320
1.75 Cr,1610
66 L,1370
85 L,1008
1.05 Cr,1328
1.1 Cr,1210
1.42 Cr,1843
16.88 L,804
16.83 L,673
16.9 L,676
17.55 L,702
13.23 L,575
13 L,650
12 L,600
25.99 L,1130
20.01 L,870
25.62 L,1114
30 L,860
43.2 L,955
25.9 L,700
32 L,705
42 L,905
46 L,1085
45 L,1034
20 L,600
18.08 L,723
35.21 L,1304
1.45 Cr,1947
28.75 L,1065
29.16 L,1080
29.3 L,1085
13.97 L,635
21.44 L,875
20.56 L,875
16.2 L,675
14.45 L,602
22.65 L,906
18.2 L,728
17.48 L,760
15.55 L,676
15.54 L,740
26 L,999
32 L,920
33.6 L,800
39.78 L,1020
3.7 Cr,3450
1.12 Cr,1420
1.09 Cr,1290
99 L,1809
15.5 L,859
1.72 Cr,1934
1.3 Cr,1426
1.55 Cr,1736
94 L,1406
88 L,1315
43 L,1000
83 L,1496
67 L,1215
99 L,1250
1.35 Cr,1244
1.8 Cr,2200
67 L,1215
36.48 L,960
38 L,1000
27.75 L,793
36.85 L,1053
29.82 L,852
28.25 L,807
1.67 Cr,1847
1.9 Cr,2154
1.31 Cr,1399
1.36 Cr,2071
1.46 Cr,2071
44.45 L,926
37 L,1000
64 L,889
1.1 Cr,1839
20.92 L,775
18.95 L,758
15.25 L,610
23.58 L,943
30.29 L,1165
21.6 L,800
22.27 L,825
27 L,1000
33.6 L,800
42 L,1000
35 L,1000
35.33 L,785
38.52 L,856
35.19 L,782
50.4 L,1120
40.59 L,990
15.75 L,450
51.75 L,1150
42 L,953
42.97 L,955
41.4 L,920
42.89 L,953
48 L,815
1 Cr,1210
28 L,720
38.85 L,925
37.38 L,890
42 L,1000
36.48 L,961
36.48 L,960
32 L,800
40.32 L,960
31.92 L,760
29 L,910
36.16 L,1130
30.72 L,960
31 L,970
27.72 L,840
29.7 L,900
35.31 L,1070
27.73 L,840
36.8 L,1115
70 L,1257
42 L,880
96 L,1600
1.01 Cr,1200
1.29 Cr,1850
2.6 Cr,2200
1.25 Cr,1640
2.18 Cr,2682
1.95 Cr,2577
1.05 Cr,1457
80 L,1103
60 L,1340
42 L,1000
45.6 L,950
67.5 L,1075
42 L,755
68 L,1250
41.25 L,750
17 L,400
28 L,700
27.3 L,650
71.5 L,1135
19 L,460
43 L,1180
33.18 L,790
31.5 L,750
51 L,1190
1.53 Cr,1606
1.62 Cr,1709
1.16 Cr,1220
1.27 Cr,1338
1.62 Cr,1710
1.52 Cr,1605
1.16 Cr,1221
42 L,740
32 L,1000
45 L,1047
22 L,750
30 L,840
25 L,725
31.35 L,870
1 Cr,1600
35.7 L,850
50.4 L,1120
72 L,1200
1.6 Cr,1347
1.65 Cr,1347
35 L,780
32 L,780
27.2 L,650
28 L,700
75 L,1800
59.85 L,1330
58.5 L,1300
40.5 L,900
57.6 L,1280
95 L,1200
28 L,625
29 L,802
27 L,750
68 L,1565
72.2 L,1094
4.25 Cr,2323
1.35 Cr,1881
3.7 Cr,2371
2.45 Cr,2086
54.5 L,901
65 L,885
78 L,1303
74 L,1035
85 L,1028
60 L,1165
85 L,1339
75 L,845
59 L,1168
72 L,1254
56 L,1101
70 L,1254
54 L,1014
1.05 Cr,996
51 L,817
1.65 Cr,1717
1.25 Cr,1225
38.43 L,854
51.75 L,1035
47.38 L,1053
56.6 L,1135
30 L,645
35 L,700
32.42 L,613
39.59 L,808
30 L,650
2.25 Cr,1910
84.25 L,1246
59.7 L,970
60 L,978
85 L,1243
59.7 L,970
84.25 L,1246
32 L,800
26.5 L,726
44 L,1127
19.76 L,520
42 L,1050
34.4 L,860
37 L,975
36.1 L,950
55.23 L,1315
44.52 L,1060
14.25 L,475
25.92 L,810
24.64 L,770
1.6 Cr,1920
1.38 Cr,2520
97 L,1310
75 L,1250
35 L,1000
1.12 Cr,1562
86 L,1150
1.1 Cr,1562
1.5 Cr,1878
26.11 L,816
84.11 L,1335
64.57 L,1025
41.92 L,655
23.04 L,360
14.53 L,447
52 L,1030
32.76 L,780
82.46 L,1330
56.23 L,907
78 L,1480
89.46 L,1330
80 L,1250
90 L,1450
32 L,885
16.5 L,450
42 L,1140
24 L,870
1.3 Cr,1369
47.44 L,1020
6.5 Cr,4150
4 Cr,2672
54 L,1241
28.5 L,830
1.38 Cr,2218
2.5 Cr,1925
42.51 L,1000
1.15 Cr,2051
92 L,2230
86 L,1757
34 L,850
61 L,1115
1.45 Cr,2181
1.1 Cr,2185
42 L,875
55 L,1116
96 L,2185
56 L,1115
1.35 Cr,2180
43 L,831
42 L,800
31.92 L,840
41.42 L,1090
18.52 L,463
81 L,1350
68.46 L,1141
84.27 L,1453
41 L,790
54 L,1350
27 L,735
38 L,780
93 L,1534
47.04 L,1120
51.45 L,1225
56 L,1250
86.28 L,1725
43.6 L,872
43.93 L,1156
42.55 L,1150
60 L,1700
48 L,1259
40.4 L,808
51.75 L,1035
38.95 L,950
44.9 L,1095
36 L,940
1.9 Cr,1900
67.93 L,1424
48.69 L,1036
67.93 L,1424
69 L,850
89 L,1150
42.5 L,1250
64 L,1300
63 L,1300
25.44 L,636
39.24 L,981
52 L,1005
32.3 L,850
28.5 L,750
46.44 L,1161
29.59 L,822
33.12 L,828
46.48 L,1162
42.92 L,1073
31.85 L,980
50.5 L,1004
20.65 L,712
1.7 Cr,2450
29.37 L,816
29.76 L,783
81.9 L,1489
62.8 L,1256
32.11 L,845
32.65 L,859
1.88 Cr,1504
53.5 L,1004
59.95 L,1199
51.5 L,896
45.15 L,903
69.25 L,1253
70.25 L,1275
36.15 L,921
1.93 Cr,1899
45.6 L,1200
48.7 L,1036
48.69 L,1036
72.98 L,1424
39.6 L,898
1.21 Cr,1345
1.12 Cr,1245
49.5 L,1130
52 L,1275
43 L,1193
50.5 L,1004
29 L,800
33.2 L,921
25.3 L,701
42.95 L,1193
22.82 L,713
25.23 L,701
36 L,910
65 L,1200
75 L,1300
49 L,1175
35 L,801
46 L,970
27 L,740
26.5 L,730
22 L,750
32 L,800
25 L,690
85 L,1750
1.2 Cr,1800
52 L,1200
26 L,780
36 L,800
47 L,950
65 L,1351
3.4 Cr,3866
36.4 L,1042
30.45 L,870
40 L,1000
34 L,850
46 L,1150
32.06 L,916
40 L,1252
45 L,1252
36.82 L,1052
38.5 L,1102
36.4 L,1045
16 L,540
50 L,949
3 Cr,2727
2.5 Cr,2151
2.96 Cr,2570
2.58 Cr,2247
4.2 Cr,2829
3.5 Cr,2323
32 L,650
2.75 Cr,2688
32 L,652
45 L,850
1 Cr,1435
1.85 Cr,1750
6.23 Cr,3627
7.7 Cr,3113
8 Cr,1760
2.12 Cr,1768
4.65 Cr,3123
24.5 L,682
16.45 L,532
27.65 L,895
27.34 L,882
2.81 Cr,908
30.75 L,993
68 L,1400
90 L,1800
1.15 Cr,1860
1.18 Cr,1733
87 L,1214
73 L,1409
42.5 L,831
3 Cr,4670
2.84 Cr,3603
1.86 Cr,2355
1.48 Cr,1790
78.43 L,1348
76.91 L,1322
54.36 L,930
2.4 Cr,2560
1.72 Cr,2130
62 L,1304
43 L,1007
2.85 Cr,2073
1.48 Cr,1850
1.82 Cr,1872
1.74 Cr,2350
1.46 Cr,1950
92 L,1521
58 L,1144
3 Cr,2247
85 L,1400
56 L,954
2.9 Cr,2151
3.5 Cr,2323
4.2 Cr,2828
4.2 Cr,3319
82 L,1670
70 L,1320
90 L,2000
1.06 Cr,1319
82 L,1232
3.65 Cr,3450
22.1 L,850
36.63 L,964
44.94 L,1070
25 L,894
1.11 Cr,1855
9 Cr,4527
3.01 Cr,2688
2.5 Cr,2235
3 Cr,2734
95 L,1553
51 L,1130
56 L,1550
45 L,1000
1.25 Cr,1350
75 L,1200
55 L,950
48 L,1310
30 L,750
43 L,831
27.65 L,892
35.89 L,1158
9 Cr,4527
3.5 Cr,2200
10.5 Cr,7143
9 Cr,5889
1.6 Cr,3000
4.25 Cr,2969
3 Cr,2095
3.55 Cr,2604
5.1 Cr,3590
3.2 Cr,2329
3.75 Cr,2945
2.48 Cr,1855
67 L,963
6 Cr,5000
2.5 Cr,2345
65 L,1410
6.4 Cr,5070
13 Cr,4300
3.75 Cr,3000
97 L,2051
1.18 Cr,1648
44 L,925
46 L,1190
18.4 L,582
22.94 L,717
27.3 L,882
27.65 L,892
16.39 L,529
1.15 Cr,1855
1.5 Cr,1921
1.4 Cr,1874
2.2 Cr,1858
3 Cr,2123
1.9 Cr,1734
1.1 Cr,1337
85 L,1178
1.9 Cr,1882
4.2 Cr,4250
2.15 Cr,2070
4 Cr,3654
2.1 Cr,2100
75 L,1133
1.8 Cr,1880
3 Cr,2890
3.65 Cr,3029
1.6 Cr,1609
1 Cr,1381
4 Cr,2867
3.2 Cr,2786
1.35 Cr,1532
3 Cr,2891
2.35 Cr,2235
85 L,1540
1.6 Cr,2552
1 Cr,1535
70 L,1065
24.36 L,870
38.52 L,856
50 L,1120
31.15 L,888
24.99 L,851
23.5 L,785
16 L,490
37.83 L,970
40.17 L,1030
33.93 L,870
42 L,1200
55 L,1198
40 L,850
65 L,1380
60 L,956
46 L,890
50 L,940
1.6 Cr,1654
5.5 Cr,3400
1.23 Cr,1229
1.11 Cr,1241
1.47 Cr,1408
89 L,893
1.2 Cr,1199
2 Cr,2548
1.56 Cr,1953
66 L,833
1.83 Cr,1530
1.81 Cr,1646
1.87 Cr,1565
1.3 Cr,1181
1.42 Cr,1356
1.27 Cr,1294
1.37 Cr,1376
3.3 Cr,3275
2.5 Cr,2114
83 L,829
1.28 Cr,1284
81 L,684
6.6 Cr,3973
64 L,1128
63 L,1128
55 L,906
56 L,906
3.6 Cr,2274
4.6 Cr,2828
59 L,1242
2.75 Cr,2500
8 Cr,3350
5.1 Cr,2550
3 Cr,2726
2.2 Cr,1750
1.4 Cr,1750
1.4 Cr,1244
1.6 Cr,1709
2 Cr,2300
30 L,715
1.1 Cr,1400
32 L,770
90 L,1485
1.2 Cr,1485
1.25 Cr,1760
1.5 Cr,1920
1.49 Cr,1920
95 L,1384
98 L,1310
1.29 Cr,1810
90 L,1464
98 L,1510
90 L,1475
77 L,1080
1.01 Cr,1510
75.5 L,1090
94 L,1475
1.29 Cr,1760
1.35 Cr,1409
1 Cr,1545
49 L,1130
1 Cr,1397
37 L,949
43 L,1154
50 L,1139
62 L,1280
55 L,1320
55 L,1025
38.85 L,925
47.25 L,1350
50 L,900
60 L,920
56 L,1000
95 L,1347
85 L,1317
75 L,1910
26 L,718
78 L,1178
55 L,1550
25 L,750
75 L,1350
48 L,850
36 L,736
35 L,800
37 L,760
35 L,1000
30 L,800
25 L,738
1.45 Cr,1600
60 L,1430
2.5 Cr,1800
72 L,1170
2.72 Cr,3185
85 L,1187
1 Cr,1150
1.65 Cr,1654
47 L,950
1.62 Cr,1550
83 L,1187
90 L,1187
1.85 Cr,1472
65 L,1524
23 L,669
30.5 L,870
30 L,870
35 L,900
32 L,850
32 L,900
97 L,1500
40 L,928
33 L,720
23 L,611
28 L,860
30 L,875
31 L,800
41 L,900
58 L,1150
23 L,800
21 L,650
30 L,885
36 L,925
35 L,800
31 L,930
24 L,715
68 L,960
35 L,838
25 L,720
55 L,840
45 L,850
45 L,750
30 L,850
22 L,650
21 L,650
55 L,1000
64 L,1180
50 L,1200
35 L,800
28 L,800
37 L,920
32 L,680
26 L,815
27 L,804
24 L,630
30 L,900
30 L,869
42 L,1002
2.5 Cr,2520
1.65 Cr,1920
2.4 Cr,2520
1.35 Cr,1760
1.15 Cr,1310
1.35 Cr,1820
1.65 Cr,1920
92 L,1150
1.35 Cr,1810
1.65 Cr,1920
44 L,960
1.85 Cr,1920
50 L,1100
35 L,950
30 L,856
35 L,900
2.5 Cr,1925
3.35 Cr,2364
1.25 Cr,1648
30 L,856
35.1 L,975
35.1 L,975
52.32 L,1308
37.04 L,926
82 L,1470
38 L,950
38 L,950
46 L,1150
46 L,1150
28 L,788
16.5 L,434
24 L,830
60 L,1250
1.45 Cr,1700
1.26 Cr,1615
54 L,830
54 L,901
21 L,425
1 Cr,1032
48.5 L,906
75 L,1305
2.25 Cr,1686
10 Cr,5318
3.3 Cr,1978
1.85 Cr,1583
2.2 Cr,1754
18.25 L,745
21.76 L,888
25.87 L,672
17.53 L,655
18.26 L,745
28 L,878
32 L,876
70 L,1220
32 L,878
74 L,1280
32 L,780
45 L,1143
70 L,1221
30 L,877
72 L,1321
30 L,862
27.5 L,879
62 L,1010
72 L,1320
70 L,1221
27 L,877
45 L,1143
42 L,1102
45 L,1143
41 L,1100
29.5 L,860
88 L,1701
29.51 L,875
43 L,1250
29 L,860
70 L,1221
45 L,1141
40 L,884
27.5 L,705
29 L,742
13.75 L,402
38.44 L,961
44.5 L,1156
52.6 L,1283
52.35 L,1277
51.25 L,1250
38.73 L,1006
45.04 L,1170
45.34 L,1163
42.89 L,1101
44.51 L,1059
44.8 L,1160
32 L,949
32.68 L,817
25.5 L,832
25.9 L,844
34.92 L,1046
25.21 L,821
22.25 L,870
15 L,532
18.25 L,665
18.75 L,699
29.49 L,776
28.11 L,740
41.32 L,1072
25.44 L,636
44.58 L,1142
41.8 L,1100
29.42 L,774
80 L,1240
80 L,1240
28.53 L,743
26.92 L,820
34.4 L,1045
27.69 L,845
26.92 L,820
34.4 L,1045
27.85 L,850
28.28 L,850
26.92 L,820
34.4 L,1045
33.08 L,829
27.25 L,717
18.96 L,570
27.33 L,820
34.52 L,1045
28.27 L,850
22.75 L,870
25.75 L,770
25.28 L,755
26.68 L,667
44.35 L,1095
38.55 L,952
27.68 L,692
32.8 L,819
30.43 L,801
44.52 L,1060
32 L,955
32.26 L,1070
34.92 L,1045
26.91 L,881
25.75 L,770
27.8 L,834
25.76 L,770
40.79 L,1158
17.62 L,532
28.27 L,850
28.5 L,772
79 L,1240
35.3 L,1070
89 L,1240
1.05 Cr,1469
1.1 Cr,1523
1.34 Cr,1947
1.03 Cr,1463
2.55 Cr,2350
2.1 Cr,2050
2 Cr,1900
1.3 Cr,1250
2.15 Cr,2490
1.14 Cr,1310
1 Cr,1522
22.45 L,436
56 L,901
56.1 L,901
55.95 L,901
56.15 L,901
22.51 L,437
22.2 L,437
22.5 L,437
22 L,437
29 L,650
56 L,901
22 L,480
17 L,480
16.99 L,480
22 L,480
56 L,901
18 L,480
17 L,480
22.1 L,480
22 L,480
56 L,900
80 L,1000
1.26 Cr,1750
1.25 Cr,1585
1.1 Cr,1809
22.1 L,437
55.4 L,900
55.56 L,900
55.51 L,900
22.5 L,437
22 L,437
56 L,900
55.5 L,900
55 L,900
82 L,1000
1.25 Cr,1585
1.1 Cr,1809
1.18 Cr,1606
50 L,1247
2.7 Cr,2200
3.8 Cr,3029
25.29 L,747
39.22 L,1136
29.58 L,882
65.28 L,1370
35.78 L,900
46.67 L,937
54.9 L,1120
23.1 L,770
29.47 L,702
30.51 L,730
20.25 L,722
62 L,1128
66 L,1128
64 L,1129
64 L,1128
63 L,1128
66 L,1228
19.5 L,669
63 L,1064
82 L,1285
40 L,1055
38 L,1055
52 L,1228
42.5 L,1048
39 L,1055
32 L,837
31.66 L,1128
22 L,800
22.26 L,795
1.5 Cr,1558
1.1 Cr,1054
1.25 Cr,1409
2.6 Cr,2073
1.4 Cr,1244
88 L,923
73 L,1257
1.3 Cr,2010
85 L,1524
98 L,1845
1.15 Cr,1955
1.02 Cr,1809
88 L,1210
1.4 Cr,1623
1.3 Cr,1742
1.25 Cr,1528
1.4 Cr,2204
1.2 Cr,2273
82 L,1450
3.2 Cr,3114
3.5 Cr,3245
1.99 Cr,1940
1.8 Cr,1651
19.4 L,680
2.5 Cr,1657
42 L,566
64 L,879
17.1 L,560
24.24 L,810
1.25 Cr,1718
1.55 Cr,2194
2.2 Cr,1712
1.5 Cr,1550
95 L,1032
1.8 Cr,1887
2 Cr,1887
2.5 Cr,1905
95 L,1080
1.6 Cr,1657
2 Cr,1840
3 Cr,3220
1.4 Cr,2095
1.5 Cr,1558
1.4 Cr,1244
1.35 Cr,1244
33 L,774
35 L,1000
60 L,890
58 L,1242
1 Cr,1540
25 L,730
14 L,500
19 L,600
21 L,700
78 L,1187
24 L,810
32 L,860
24 L,850
68 L,990
27 L,667
28 L,900
31 L,774
48 L,1000
53 L,950
52 L,950
62 L,1150
87 L,1500
1.57 Cr,2200
1.07 Cr,1700
1.4 Cr,2200
73 L,1210
78 L,1210
57 L,950
59 L,980
67 L,1100
85 L,1500
68 L,1100
70 L,1150
58 L,1100
57 L,1250
1.15 Cr,1422
1.45 Cr,1909
1.3 Cr,1653
1.4 Cr,1509
1.1 Cr,1833
40.59 L,990
30.65 L,730
63 L,1095
62 L,1095
45 L,770
1.07 Cr,1620
92 L,1226
1.02 Cr,1560
1.65 Cr,1470
1.35 Cr,1650
1.3 Cr,1116
1.6 Cr,1421
95 L,904
80 L,1290
55 L,822
95 L,1750
1.02 Cr,1522
1.22 Cr,1809
1.15 Cr,1489
1.22 Cr,1800
95 L,1460
72 L,922
1.02 Cr,1266
70 L,1100
1.24 Cr,1820
60 L,1090
72 L,1325
95 L,1440
96 L,1820
72 L,1325
70 L,930
35 L,1106
95 L,1480
60 L,1370
78 L,1130
75 L,1355
68 L,1530
75 L,1390
1.4 Cr,1671
85 L,1226
2.75 Cr,4597
1.4 Cr,1550
42 L,1050
85 L,1070
1.1 Cr,1310
1.3 Cr,1550
1.2 Cr,1176
1.25 Cr,1176
95 L,718
85 L,1226
1.1 Cr,1768
1.1 Cr,1460
1.3 Cr,1897
24.5 L,680
1.1 Cr,1610
40 L,1106
44 L,800
95 L,1580
63 L,1115
71 L,1530
24.5 L,743
37.68 L,919
40.59 L,990
29.25 L,697
38 L,950
39 L,900
53.3 L,1270
29.35 L,700
1.6 Cr,2640
56 L,850
85 L,1250
85 L,1250
75 L,1324
85 L,1690
15.75 L,450
42 L,953
41.4 L,920
42.97 L,955
42.88 L,953
36.08 L,880
12.51 L,510
11.5 L,510
16.45 L,615
22 L,940
23 L,943
23 L,943
21.95 L,943
17.51 L,760
20.5 L,1048
7.75 L,390
8.5 L,391
5 L,255
8 L,391
9.25 L,416
20.25 L,940
90 L,1480
71 L,1250
70.25 L,1251
72 L,1250
70 L,1251
70.3 L,1249
72.5 L,1250
73.5 L,1250
73 L,1250
75 L,1251
72.1 L,1250
71 L,1249
70.5 L,1250
75 L,1486
75 L,1250
63 L,1250
64 L,1250
83 L,1464
85 L,1464
75 L,1250
78 L,1200
1.5 Cr,1400
19.5 L,940
23.5 L,1100
41.5 L,1045
22.5 L,940
16.3 L,615
22 L,943
25 L,780
23 L,940
17.55 L,760
23 L,943
20 L,943
7.5 L,390
12.5 L,510
12.5 L,509
20.5 L,943
16.5 L,700
22.1 L,943
9 L,416
11.45 L,510
17.5 L,590
17.51 L,590
19.5 L,943
23 L,940
20.51 L,1048
23 L,943
20.5 L,940
19.5 L,940
22.4 L,943
21 L,943
22.25 L,943
21.75 L,940
19.5 L,940
15.55 L,615
21 L,943
21.25 L,943
17.55 L,760
17.5 L,760
17.55 L,760
11.3 L,510
23.5 L,940
22.75 L,943
16.25 L,615
8.5 L,390
16.5 L,615
21.5 L,943
22.5 L,943
23.5 L,940
20.5 L,940
22.55 L,943
17.51 L,760
23 L,940
15.5 L,615
11.55 L,510
8.75 L,390
7.8 L,391
20 L,1048
21.55 L,943
63 L,1250
77 L,1186
80 L,1480
76 L,1483
76 L,1480
75 L,1482
75.5 L,1480
75 L,1481
74 L,1483
69 L,1256
66 L,1251
70 L,1250
80 L,1715
67 L,1255
78 L,1720
80 L,1485
85 L,1487
75 L,1480
74 L,1480
82 L,1507
73 L,1480
55 L,900
72 L,1480
81 L,1506
84.5 L,1503
84 L,1506
85 L,1503
56 L,950
67 L,1500
65 L,1250
80 L,1489
70 L,1250
60 L,1250
50 L,840
90 L,1498
70 L,1110
65 L,1500
48 L,998
65 L,1226
95 L,1335
85 L,1226
1.3 Cr,2220
73 L,1250
75 L,1480
75 L,1625
70 L,1252
48 L,845
87 L,1485
52.5 L,960
86 L,1500
52 L,980
50 L,1000
72.1 L,1250
75 L,1253
71.5 L,1250
75.1 L,1254
65 L,1250
75 L,1482
80 L,1350
82 L,1378
75 L,1276
20 L,720
21 L,750
50 L,1000
50 L,1000
50 L,1000
85 L,1300
60 L,1000
19 L,715
20 L,750
76 L,1482
19 L,750
18 L,700
1.4 Cr,1665
50 L,860
50 L,860
50 L,860
50 L,860
91.7 L,1479
27 L,756
35 L,800
66.5 L,1450
71 L,1248
71 L,1250
56 L,952
59 L,1248
80 L,1248
83.5 L,1458
80 L,1249
90 L,1448
59 L,1249
58 L,1249
90 L,1249
59 L,1250
64 L,1250
72 L,1450
75 L,1250
71 L,1250
46.8 L,1170
30.96 L,774
58.3 L,1357
59.59 L,1386
33.54 L,818
45 L,1100
90.72 L,2016
26.5 L,800
32 L,780
25.44 L,636
33.12 L,828
46.48 L,1162
98.67 L,1794
78.48 L,1308
69.08 L,1256
45 L,1166
45 L,1194
31 L,852
35 L,1560
60 L,1280
51.32 L,1277
60 L,1353
58 L,1135
35 L,850
80 L,1240
56.4 L,1226
38.72 L,968
51.32 L,1277
60 L,930
65 L,1256
28 L,575
47 L,1000
78 L,1300
50 L,1000
65 L,1605
29 L,650
55 L,881
58 L,782
49 L,677
58 L,677
1.73 Cr,1768
82.5 L,1350
94 L,1350
1.35 Cr,1309
85 L,1640
65 L,1050
75 L,1150
3.88 Cr,2354
7.76 Cr,4700
36.81 L,1227
27.33 L,911
43.17 L,1439
27.24 L,908
26.79 L,893
29.94 L,2994000
65 L,1350
75 L,1400
65 L,1500
65 L,1120
28.75 L,810
33.72 L,950
30.72 L,850
26.8 L,755
33.72 L,950
55 L,1000
65 L,1250
44.73 L,1260
71 L,1250
50 L,1000
60 L,1270
37.73 L,1078
27.72 L,792
30.31 L,866
85 L,1458
30.98 L,885
36.68 L,1048
28.12 L,792
70 L,1300
56 L,970
72.11 L,1311
49.28 L,896
57.62 L,1226
34.12 L,1034
24.22 L,734
35 L,1150
30.69 L,990
27.12 L,875
35.65 L,1150
29.4 L,840
29.12 L,832
28.7 L,820
29.72 L,849
76 L,1600
45 L,850
45 L,1100
46 L,860
6.17 Cr,4456
4 Cr,2809
2.6 Cr,2702
2.2 Cr,1750
1.9 Cr,1899
1.15 Cr,1152
1.6 Cr,1424
31.77 L,1025
19.38 L,625
37.67 L,1215
29.7 L,990
3 Cr,2594
1.38 Cr,1251
1.5 Cr,1499
1.02 Cr,1700
45.7 L,896
65.7 L,1314
65 L,1268
60 L,1268
80 L,1480
60 L,1250
35.28 L,784
53 L,1178
34.12 L,1034
24.22 L,734
36.88 L,922
40.4 L,1010
59.44 L,1486
51.56 L,1289
58.2 L,1455
65 L,1268
29.5 L,900
1.02 Cr,1749
66.86 L,1311
72 L,1300
45.6 L,1140
46.96 L,1174
48.6 L,1215
47.24 L,1181
68.28 L,1707
55.08 L,1377
43.6 L,1090
32 L,720
3.13 Cr,2405
1.2 Cr,1400
1.3 Cr,1551
35.65 L,1150
49 L,850
80 L,1480
1.9 Cr,1503
1.2 Cr,2600
65 L,1452
52 L,880
66 L,1050
1.56 Cr,1590
3.68 Cr,2500
85 L,968
2.5 Cr,1880
85 L,1180
63 L,809
55 L,1180
1.3 Cr,1551
1.1 Cr,1623
96 L,1091
2.2 Cr,1911
1.35 Cr,1509
1.75 Cr,1974
1.9 Cr,1869
1.52 Cr,1512
2.95 Cr,2909
10 Cr,5554
6 Cr,2566
3.05 Cr,2506
29.98 L,1080
54 L,1200
56 L,1101
70 L,2350
24.25 L,746
24.9 L,766
23.5 L,835
22.29 L,796
16 L,528
27.88 L,697
55 L,878
27.23 L,727
38.59 L,1029
29.7 L,792
32 L,513
92 L,1008
45 L,800
1.55 Cr,1900
55 L,1265
1.65 Cr,1720
95 L,1265
1.05 Cr,1800
1.55 Cr,1803
78 L,1221
1.34 Cr,1501
5.1 Cr,2822
3.1 Cr,2081
2.8 Cr,1677
1.9 Cr,1475
2.5 Cr,1671
85 L,1100
1.25 Cr,1529
1.2 Cr,1733
80 L,1480
1.61 Cr,1424
90 L,1250
2.7 Cr,1840
1.05 Cr,1200
1.5 Cr,1300
1.3 Cr,1600
75 L,925
83 L,1266
1.5 Cr,1398
33 Cr,9238
4 Cr,6000
20 Cr,6500
7 Cr,5572
2.1 Cr,1778
11 Cr,8000
6.5 Cr,4778
3 Cr,2892
2.99 Cr,3111
3.6 Cr,2780
1.3 Cr,1523
4.5 Cr,4250
2 Cr,1771
3.56 Cr,2727
2.9 Cr,2206
95 L,1666
1.45 Cr,1476
60 L,920
80 L,1280
16 Cr,8500
3.95 Cr,2371
33 Cr,7780
2.7 Cr,2475
1.3 Cr,1132
3 Cr,2688
4.25 Cr,3029
3.6 Cr,2677
90 L,1950
2.9 Cr,2083
8 Cr,4995
95 L,1555
1.15 Cr,1366
75 L,905
1.5 Cr,2100
7.25 Cr,4700
2.42 Cr,2683
5.4 Cr,2371
2.65 Cr,2250
1.6 Cr,1661
1.4 Cr,1525
1.65 Cr,1813
80 L,1310
2.75 Cr,4739
3.5 Cr,2385
1.75 Cr,2958
50 L,722
1.34 Cr,1924
1.8 Cr,2960
76 L,1463
65 L,1200
72 L,1402
78 L,1461
5 Cr,3328
4.5 Cr,3325
1.9 Cr,1546
10 Cr,4300
1.5 Cr,1615
8.12 Cr,3420
3.2 Cr,2400
2.85 Cr,2915
1.73 Cr,2955
79.8 L,1286
89 L,1536
42.5 L,900
1.43 Cr,1954
1 Cr,1769
1.43 Cr,2185
1.3 Cr,2113
95 L,1266
1.07 Cr,1080
1.15 Cr,1411
2.4 Cr,3537
92 L,1464
95 L,947
80 L,950
2.7 Cr,2300
90 L,1138
63 L,910
80 L,948
74 L,1402
34.75 L,950
40.5 L,850
90 L,1245
38 L,946
63 L,975
82 L,1265
1.2 Cr,1820
1.5 Cr,1845
1.4 Cr,2020
1.47 Cr,2251
1.26 Cr,1255
1.43 Cr,1244
48.49 L,810
85 L,1212
32.3 L,897
79.97 L,1452
26.74 L,768
34.87 L,758
23.36 L,736
35 L,1000
28 L,921
20 L,756
28 L,920
40.25 L,1151
35.17 L,1055
26.82 L,742
29.5 L,810
42 L,900
29.5 L,812
42 L,901
1.2 Cr,1623
1.49 Cr,1930
1 Cr,1697
65 L,1062
66 L,1062
66.5 L,1062
65.5 L,1068
67 L,1062
1.65 Cr,2800
48.41 L,810
51 L,1070
80.11 L,1169
1.05 Cr,1510
75 L,895
42 L,1250
20.52 L,750
20.92 L,775
1.41 Cr,1232
2.02 Cr,1474
65.75 L,1105
33.18 L,1106
21.15 L,705
33.36 L,1112
21.48 L,716
21 L,700
33 L,1100
21.45 L,715
33.45 L,1115
33.3 L,1110
21.3 L,710
65.5 L,1100
33 L,730
5.3 Cr,3528
1.8 Cr,2000
1.55 Cr,1843
1.75 Cr,2079
74 L,1257
